{"res":[{"autoopen":false,"ftype":0,"id":0,"name":"严璩、恩庆 1905 - 越南游历记.pdf","progress":[{"readingPage":19,"readingPageOffset":543.599983799458,"readingPercent":0.3571428656578064}],"readingProgressPage":19,"readingProgressPageOffset":543.599983799458,"refhash":"0da5d52384008c572dd1901443fb678f","refpath":"D:/Zotero/Zotero-data/storage/HNH2M3HG/严璩、恩庆 - 1905 - 越南游历记.pdf","uuid":"75375f02cb6b90e0a7d6482545776941"}],"resid":1,"version":1}