{"res":[{"autoopen":false,"ftype":0,"id":0,"name":"招观海 1933年 - 天南游记.pdf","progress":[{"readingPage":120,"readingPageOffset":543.641198904962,"readingPercent":0.5960590839385986}],"readingProgressPage":120,"readingProgressPageOffset":543.641198904962,"refhash":"5b8ccc371555acd3e839270a6e8cbd9a","refpath":"./Zotero/Zotero-data/storage/AS4YVV69/招观海 1933年 - 天南游记.pdf","uuid":"7efbe055283184eaacf700e14149d611"}],"resid":1,"version":1}