{"bookmarks":[{"pageid":12,"title":"文本实验 1","x":-4.3763795605229525,"y":472.6489925364789}]}