{"res":[{"autoopen":false,"ftype":0,"id":0,"name":"001：作新社《万国历史》（1906年3月28日第11版）.pdf","progress":[{"readingPage":257,"readingPageOffset":25.4999992400408,"readingPercent":0.9961389899253845}],"readingProgressPage":257,"readingProgressPageOffset":25.4999992400408,"refhash":"b965df1233aecacb58a53576e6695d4c","refpath":"D:/Zotero/Zotero-data/storage/LI54FAMJ/001：作新社《万国历史》（1906年3月28日第11版， Bookxnote 源文件）.pdf","uuid":"47a8f637e26e0633b8884c03594d6b2c"}],"resid":1,"version":1}