{"res":[{"autoopen":false,"ftype":0,"id":0,"name":"胡嘉 1939年 - 滇越游记.pdf","progress":[{"readingPage":163,"readingPageOffset":86.99999740719802,"readingPercent":0.9879518151283264}],"readingProgressPage":163,"readingProgressPageOffset":86.99999740719802,"refhash":"c4bbd7ff47160a3982d4caeb6d41403f","refpath":"./Zotero/Zotero-data/storage/DVRFEBRI/胡嘉 1939年 - 滇越游记.pdf","uuid":"0de05e35d3895a233751200ff6c9ff59"}],"resid":1,"version":1}