{"res":[{"autoopen":false,"ftype":0,"id":0,"name":"朱偰 2017年 - 越南受降日记.pdf","progress":[{"readingPage":166,"readingPageOffset":109.99999672174464,"readingPercent":0.6447876691818237}],"readingProgressPage":166,"readingProgressPageOffset":109.99999672174464,"refhash":"edbb71496574b2fb80779cc0fc9b952e","refpath":"./Zotero/Zotero-data/storage/LXRCJ3ML/朱偰 2017年 - 越南受降日记.pdf","uuid":"e70b18b6db3ac300973cb080b529e196"}],"resid":1,"version":1}