{"res":[{"autoopen":false,"ftype":0,"id":0,"name":"胡嘉 1939年 - 滇越游记.pdf","progress":[{"readingPage":106,"readingPageOffset":347.24998965114384,"readingPercent":0.6445783376693726}],"readingProgressPage":106,"readingProgressPageOffset":347.24998965114384,"refhash":"c4bbd7ff47160a3982d4caeb6d41403f","refpath":"./Zotero/Zotero-data/storage/DVRFEBRI/胡嘉 1939年 - 滇越游记.pdf","uuid":"0de05e35d3895a233751200ff6c9ff59"}],"resid":1,"version":1}